keyword,language,topic,topicColor,keywordColor,limitPages,ratioNew
'Hamas',de,Organisations,#ff00ff,#ff00ff,1,0.79264263472692
'Hisbollah',de,Organisations,#ff00ff,#ff00ff,1,0.769262692
'EU Sanktionen Israel',de,Organisations,#ff00ff,#ff00ff,2,0.7079247020637898
'Itamar Ben-Gvir',de,Persons,#ff0000,#ff0000,2,0.6980212621428571
'Ron Prosor',de,Persons,#ff0000,#ff0000,1,0.6647538110500001
'Zentralrat der Juden',de,Organisations,#ff00ff,#ff00ff,3,0.6296144166646144
'Ofer Prison',en,Places,#00ffff,#00ffff,1,0.62577202125
'Francesca Albanese',de,Persons,#ff0000,#ff0000,1,0.61377395275
'Assoziierungsabkommen EU-Israel',de,Organisations,#ff00ff,#ff00ff,1,0.613292296491929
'Rafi Eitan',de,Persons,#ff0000,#ff0000,1,0.6087792586249999
'Ofer Gefängnis',de,Places,#00ffff,#00ffff,1,0.6039236948125
'Bezalel Smotrich',de,Persons,#ff0000,#ff0000,2,0.6004253218925
'Israel Katz',de,Persons,#ff0000,#ff0000,2,0.5958524847236977
'Benjamin Nethanjahu',de,Persons,#ff0000,#ff0000,1,0.58905217025
'ICC Israel',de,Organisations,#ff00ff,#ff00ff,1,0.5887817623951789
'Jassir Arafat',de,Persons,#ff0000,#ff0000,1,0.580879286375
'Jassir Arafat',de,Persons,#ff0000,#ff0000,1,0.580879286375
'adidas Israel',de,Companies,#0000ff,#0000ff,1,0.5222182499836441
'Elbit Systems',de,Companies,#0000ff,#0000ff,1,0.492282619925
'Ben Gurion',de,Persons,#ff0000,#ff0000,1,0.4477535884134822
'Sde Teiman',de,Places,#00ffff,#00ffff,1,0.421150605
'Nakba',de,Topics,#00ff00,#00ff00,1,0.420714884645
'Golda Meir',de,Persons,#ff0000,#ff0000,1,0.4178320405
'Sylvia Rafael',de,Persons,#ff0000,#ff0000,1,0.3821977263509298
'Meir Amit',de,Persons,#ff0000,#ff0000,1,0.3573060892499999
